{"nodes":[{"state":0,"url":"http://localhost:2368/ghost/#/members/new"},{"state":1,"url":"http://localhost:2368/ghost/#/dashboard/"},{"state":2,"url":"http://localhost:2368/ghost/#/site/"},{"state":3,"url":"http://localhost:2368/"},{"state":4,"url":"http://localhost:2368/ghost/#/posts/"},{"state":5,"url":"http://localhost:2368/ghost/#/editor/post/"},{"state":6,"url":"http://localhost:2368/ghost/#/posts/?type=draft"},{"state":7,"url":"http://localhost:2368/ghost/#/posts/?type=scheduled"},{"state":8,"url":"http://localhost:2368/ghost/#/posts/?type=published"},{"state":9,"url":"http://localhost:2368/ghost/#/pages/"},{"state":10,"url":"http://localhost:2368/ghost/#/tags/"},{"state":11,"url":"http://localhost:2368/ghost/#/members/"},{"state":12,"url":"http://localhost:2368/ghost/#/settings/"}],"links":[{"source":0,"target":1,"interaction":"link-click"},{"source":0,"target":2,"interaction":"link-click"},{"source":0,"target":3,"interaction":"link-click"},{"source":0,"target":4,"interaction":"link-click"},{"source":0,"target":5,"interaction":"link-click"},{"source":0,"target":6,"interaction":"link-click"},{"source":0,"target":7,"interaction":"link-click"},{"source":0,"target":8,"interaction":"link-click"},{"source":0,"target":9,"interaction":"link-click"},{"source":0,"target":10,"interaction":"link-click"},{"source":0,"target":11,"interaction":"link-click"},{"source":0,"target":12,"interaction":"link-click"}]}