{"nodes":[{"url":"http://localhost:2368/ghost/#/members/new"},{"url":"http://localhost:2368/ghost/#/dashboard/"},{"url":"http://localhost:2368/ghost/#/site/"},{"url":"http://localhost:2368/"},{"url":"http://localhost:2368/ghost/#/posts/"},{"url":"http://localhost:2368/ghost/#/editor/post/"},{"url":"http://localhost:2368/ghost/#/posts/?type=draft"},{"url":"http://localhost:2368/ghost/#/posts/?type=scheduled"},{"url":"http://localhost:2368/ghost/#/posts/?type=published"},{"url":"http://localhost:2368/ghost/#/pages/"},{"url":"http://localhost:2368/ghost/#/tags/"},{"url":"http://localhost:2368/ghost/#/members/"},{"url":"http://localhost:2368/ghost/#/settings/"}],"links":[{"source":"http://localhost:2368/ghost/#/members/new","target":"http://localhost:2368/ghost/#/dashboard/"},{"source":"http://localhost:2368/ghost/#/members/new","target":"http://localhost:2368/ghost/#/site/"},{"source":"http://localhost:2368/ghost/#/members/new","target":"http://localhost:2368/"},{"source":"http://localhost:2368/ghost/#/members/new","target":"http://localhost:2368/ghost/#/posts/"},{"source":"http://localhost:2368/ghost/#/members/new","target":"http://localhost:2368/ghost/#/editor/post/"},{"source":"http://localhost:2368/ghost/#/members/new","target":"http://localhost:2368/ghost/#/posts/?type=draft"},{"source":"http://localhost:2368/ghost/#/members/new","target":"http://localhost:2368/ghost/#/posts/?type=scheduled"},{"source":"http://localhost:2368/ghost/#/members/new","target":"http://localhost:2368/ghost/#/posts/?type=published"},{"source":"http://localhost:2368/ghost/#/members/new","target":"http://localhost:2368/ghost/#/pages/"},{"source":"http://localhost:2368/ghost/#/members/new","target":"http://localhost:2368/ghost/#/tags/"},{"source":"http://localhost:2368/ghost/#/members/new","target":"http://localhost:2368/ghost/#/members/"},{"source":"http://localhost:2368/ghost/#/members/new","target":"http://localhost:2368/ghost/#/settings/"},{"source":"http://localhost:2368/ghost/#/dashboard/","target":"http://localhost:2368/ghost/#/dashboard/"},{"source":"http://localhost:2368/ghost/#/dashboard/","target":"http://localhost:2368/ghost/#/site/"},{"source":"http://localhost:2368/ghost/#/dashboard/","target":"http://localhost:2368/"},{"source":"http://localhost:2368/ghost/#/dashboard/","target":"http://localhost:2368/ghost/#/posts/"},{"source":"http://localhost:2368/ghost/#/dashboard/","target":"http://localhost:2368/ghost/#/editor/post/"},{"source":"http://localhost:2368/ghost/#/dashboard/","target":"http://localhost:2368/ghost/#/posts/?type=draft"},{"source":"http://localhost:2368/ghost/#/dashboard/","target":"http://localhost:2368/ghost/#/posts/?type=scheduled"},{"source":"http://localhost:2368/ghost/#/dashboard/","target":"http://localhost:2368/ghost/#/posts/?type=published"},{"source":"http://localhost:2368/ghost/#/dashboard/","target":"http://localhost:2368/ghost/#/pages/"},{"source":"http://localhost:2368/ghost/#/dashboard/","target":"http://localhost:2368/ghost/#/tags/"},{"source":"http://localhost:2368/ghost/#/dashboard/","target":"http://localhost:2368/ghost/#/members/"},{"source":"http://localhost:2368/ghost/#/dashboard/","target":"http://localhost:2368/ghost/#/settings/"},{"source":"http://localhost:2368/ghost/#/site/","target":"http://localhost:2368/ghost/#/dashboard/"},{"source":"http://localhost:2368/ghost/#/site/","target":"http://localhost:2368/ghost/#/site/"},{"source":"http://localhost:2368/ghost/#/site/","target":"http://localhost:2368/"},{"source":"http://localhost:2368/ghost/#/site/","target":"http://localhost:2368/ghost/#/posts/"},{"source":"http://localhost:2368/ghost/#/site/","target":"http://localhost:2368/ghost/#/editor/post/"},{"source":"http://localhost:2368/ghost/#/site/","target":"http://localhost:2368/ghost/#/posts/?type=draft"},{"source":"http://localhost:2368/ghost/#/site/","target":"http://localhost:2368/ghost/#/posts/?type=scheduled"},{"source":"http://localhost:2368/ghost/#/site/","target":"http://localhost:2368/ghost/#/posts/?type=published"},{"source":"http://localhost:2368/ghost/#/site/","target":"http://localhost:2368/ghost/#/pages/"},{"source":"http://localhost:2368/ghost/#/site/","target":"http://localhost:2368/ghost/#/tags/"},{"source":"http://localhost:2368/ghost/#/site/","target":"http://localhost:2368/ghost/#/members/"},{"source":"http://localhost:2368/ghost/#/site/","target":"http://localhost:2368/ghost/#/settings/"},{"source":"http://localhost:2368/","target":"http://localhost:2368/"},{"source":"http://localhost:2368/ghost/#/posts/","target":"http://localhost:2368/ghost/#/dashboard/"},{"source":"http://localhost:2368/ghost/#/posts/","target":"http://localhost:2368/ghost/#/site/"},{"source":"http://localhost:2368/ghost/#/posts/","target":"http://localhost:2368/"},{"source":"http://localhost:2368/ghost/#/posts/","target":"http://localhost:2368/ghost/#/posts/"},{"source":"http://localhost:2368/ghost/#/posts/","target":"http://localhost:2368/ghost/#/editor/post/"},{"source":"http://localhost:2368/ghost/#/posts/","target":"http://localhost:2368/ghost/#/posts/?type=draft"},{"source":"http://localhost:2368/ghost/#/posts/","target":"http://localhost:2368/ghost/#/posts/?type=scheduled"},{"source":"http://localhost:2368/ghost/#/posts/","target":"http://localhost:2368/ghost/#/posts/?type=published"},{"source":"http://localhost:2368/ghost/#/posts/","target":"http://localhost:2368/ghost/#/pages/"},{"source":"http://localhost:2368/ghost/#/posts/","target":"http://localhost:2368/ghost/#/tags/"},{"source":"http://localhost:2368/ghost/#/posts/","target":"http://localhost:2368/ghost/#/members/"},{"source":"http://localhost:2368/ghost/#/posts/","target":"http://localhost:2368/ghost/#/settings/"},{"source":"http://localhost:2368/ghost/#/editor/post/","target":"http://localhost:2368/ghost/#/posts/"},{"source":"http://localhost:2368/ghost/#/editor/post/","target":"http://localhost:2368/ghost/#/dashboard/"},{"source":"http://localhost:2368/ghost/#/editor/post/","target":"http://localhost:2368/ghost/#/members/"},{"source":"http://localhost:2368/ghost/#/posts/?type=draft","target":"http://localhost:2368/ghost/#/dashboard/"},{"source":"http://localhost:2368/ghost/#/posts/?type=draft","target":"http://localhost:2368/ghost/#/site/"},{"source":"http://localhost:2368/ghost/#/posts/?type=draft","target":"http://localhost:2368/"},{"source":"http://localhost:2368/ghost/#/posts/?type=draft","target":"http://localhost:2368/ghost/#/posts/"},{"source":"http://localhost:2368/ghost/#/posts/?type=draft","target":"http://localhost:2368/ghost/#/editor/post/"},{"source":"http://localhost:2368/ghost/#/posts/?type=draft","target":"http://localhost:2368/ghost/#/posts/?type=draft"},{"source":"http://localhost:2368/ghost/#/posts/?type=draft","target":"http://localhost:2368/ghost/#/posts/?type=scheduled"},{"source":"http://localhost:2368/ghost/#/posts/?type=draft","target":"http://localhost:2368/ghost/#/posts/?type=published"},{"source":"http://localhost:2368/ghost/#/posts/?type=draft","target":"http://localhost:2368/ghost/#/pages/"},{"source":"http://localhost:2368/ghost/#/posts/?type=draft","target":"http://localhost:2368/ghost/#/tags/"},{"source":"http://localhost:2368/ghost/#/posts/?type=draft","target":"http://localhost:2368/ghost/#/members/"},{"source":"http://localhost:2368/ghost/#/posts/?type=draft","target":"http://localhost:2368/ghost/#/settings/"},{"source":"http://localhost:2368/ghost/#/posts/?type=scheduled","target":"http://localhost:2368/ghost/#/dashboard/"},{"source":"http://localhost:2368/ghost/#/posts/?type=scheduled","target":"http://localhost:2368/ghost/#/site/"},{"source":"http://localhost:2368/ghost/#/posts/?type=scheduled","target":"http://localhost:2368/"},{"source":"http://localhost:2368/ghost/#/posts/?type=scheduled","target":"http://localhost:2368/ghost/#/posts/"},{"source":"http://localhost:2368/ghost/#/posts/?type=scheduled","target":"http://localhost:2368/ghost/#/editor/post/"},{"source":"http://localhost:2368/ghost/#/posts/?type=scheduled","target":"http://localhost:2368/ghost/#/posts/?type=draft"},{"source":"http://localhost:2368/ghost/#/posts/?type=scheduled","target":"http://localhost:2368/ghost/#/posts/?type=scheduled"},{"source":"http://localhost:2368/ghost/#/posts/?type=scheduled","target":"http://localhost:2368/ghost/#/posts/?type=published"},{"source":"http://localhost:2368/ghost/#/posts/?type=scheduled","target":"http://localhost:2368/ghost/#/pages/"},{"source":"http://localhost:2368/ghost/#/posts/?type=scheduled","target":"http://localhost:2368/ghost/#/tags/"},{"source":"http://localhost:2368/ghost/#/posts/?type=scheduled","target":"http://localhost:2368/ghost/#/members/"},{"source":"http://localhost:2368/ghost/#/posts/?type=scheduled","target":"http://localhost:2368/ghost/#/settings/"},{"source":"http://localhost:2368/ghost/#/posts/?type=published","target":"http://localhost:2368/ghost/#/dashboard/"},{"source":"http://localhost:2368/ghost/#/posts/?type=published","target":"http://localhost:2368/ghost/#/site/"},{"source":"http://localhost:2368/ghost/#/posts/?type=published","target":"http://localhost:2368/"},{"source":"http://localhost:2368/ghost/#/posts/?type=published","target":"http://localhost:2368/ghost/#/posts/?type=scheduled"},{"source":"http://localhost:2368/ghost/#/posts/?type=published","target":"http://localhost:2368/ghost/#/editor/post/"},{"source":"http://localhost:2368/ghost/#/posts/?type=published","target":"http://localhost:2368/ghost/#/posts/?type=draft"},{"source":"http://localhost:2368/ghost/#/posts/?type=published","target":"http://localhost:2368/ghost/#/posts/?type=published"},{"source":"http://localhost:2368/ghost/#/posts/?type=published","target":"http://localhost:2368/ghost/#/pages/"},{"source":"http://localhost:2368/ghost/#/posts/?type=published","target":"http://localhost:2368/ghost/#/tags/"},{"source":"http://localhost:2368/ghost/#/posts/?type=published","target":"http://localhost:2368/ghost/#/members/"},{"source":"http://localhost:2368/ghost/#/posts/?type=published","target":"http://localhost:2368/ghost/#/settings/"},{"source":"http://localhost:2368/ghost/#/pages/","target":"http://localhost:2368/ghost/#/dashboard/"},{"source":"http://localhost:2368/ghost/#/pages/","target":"http://localhost:2368/ghost/#/site/"},{"source":"http://localhost:2368/ghost/#/pages/","target":"http://localhost:2368/"},{"source":"http://localhost:2368/ghost/#/pages/","target":"http://localhost:2368/ghost/#/posts/"},{"source":"http://localhost:2368/ghost/#/pages/","target":"http://localhost:2368/ghost/#/editor/post/"},{"source":"http://localhost:2368/ghost/#/pages/","target":"http://localhost:2368/ghost/#/posts/?type=draft"},{"source":"http://localhost:2368/ghost/#/pages/","target":"http://localhost:2368/ghost/#/posts/?type=scheduled"},{"source":"http://localhost:2368/ghost/#/pages/","target":"http://localhost:2368/ghost/#/posts/?type=published"},{"source":"http://localhost:2368/ghost/#/pages/","target":"http://localhost:2368/ghost/#/pages/"},{"source":"http://localhost:2368/ghost/#/pages/","target":"http://localhost:2368/ghost/#/tags/"},{"source":"http://localhost:2368/ghost/#/pages/","target":"http://localhost:2368/ghost/#/members/"},{"source":"http://localhost:2368/ghost/#/pages/","target":"http://localhost:2368/ghost/#/settings/"},{"source":"http://localhost:2368/ghost/#/tags/","target":"http://localhost:2368/ghost/#/dashboard/"},{"source":"http://localhost:2368/ghost/#/tags/","target":"http://localhost:2368/ghost/#/site/"},{"source":"http://localhost:2368/ghost/#/tags/","target":"http://localhost:2368/"},{"source":"http://localhost:2368/ghost/#/tags/","target":"http://localhost:2368/ghost/#/posts/"},{"source":"http://localhost:2368/ghost/#/tags/","target":"http://localhost:2368/ghost/#/editor/post/"},{"source":"http://localhost:2368/ghost/#/tags/","target":"http://localhost:2368/ghost/#/posts/?type=draft"},{"source":"http://localhost:2368/ghost/#/tags/","target":"http://localhost:2368/ghost/#/posts/?type=scheduled"},{"source":"http://localhost:2368/ghost/#/tags/","target":"http://localhost:2368/ghost/#/posts/?type=published"},{"source":"http://localhost:2368/ghost/#/tags/","target":"http://localhost:2368/ghost/#/pages/"},{"source":"http://localhost:2368/ghost/#/tags/","target":"http://localhost:2368/ghost/#/tags/"},{"source":"http://localhost:2368/ghost/#/tags/","target":"http://localhost:2368/ghost/#/members/"},{"source":"http://localhost:2368/ghost/#/tags/","target":"http://localhost:2368/ghost/#/settings/"},{"source":"http://localhost:2368/ghost/#/members/","target":"http://localhost:2368/ghost/#/dashboard/"},{"source":"http://localhost:2368/ghost/#/members/","target":"http://localhost:2368/ghost/#/site/"},{"source":"http://localhost:2368/ghost/#/members/","target":"http://localhost:2368/"},{"source":"http://localhost:2368/ghost/#/members/","target":"http://localhost:2368/ghost/#/posts/"},{"source":"http://localhost:2368/ghost/#/members/","target":"http://localhost:2368/ghost/#/editor/post/"},{"source":"http://localhost:2368/ghost/#/members/","target":"http://localhost:2368/ghost/#/posts/?type=draft"},{"source":"http://localhost:2368/ghost/#/members/","target":"http://localhost:2368/ghost/#/posts/?type=scheduled"},{"source":"http://localhost:2368/ghost/#/members/","target":"http://localhost:2368/ghost/#/posts/?type=published"},{"source":"http://localhost:2368/ghost/#/members/","target":"http://localhost:2368/ghost/#/pages/"},{"source":"http://localhost:2368/ghost/#/members/","target":"http://localhost:2368/ghost/#/tags/"},{"source":"http://localhost:2368/ghost/#/members/","target":"http://localhost:2368/ghost/#/members/"},{"source":"http://localhost:2368/ghost/#/members/","target":"http://localhost:2368/ghost/#/settings/"},{"source":"http://localhost:2368/ghost/#/settings/","target":"http://localhost:2368/ghost/#/dashboard/"},{"source":"http://localhost:2368/ghost/#/settings/","target":"http://localhost:2368/ghost/#/site/"},{"source":"http://localhost:2368/ghost/#/settings/","target":"http://localhost:2368/"},{"source":"http://localhost:2368/ghost/#/settings/","target":"http://localhost:2368/ghost/#/posts/"},{"source":"http://localhost:2368/ghost/#/settings/","target":"http://localhost:2368/ghost/#/editor/post/"},{"source":"http://localhost:2368/ghost/#/settings/","target":"http://localhost:2368/ghost/#/posts/?type=draft"},{"source":"http://localhost:2368/ghost/#/settings/","target":"http://localhost:2368/ghost/#/posts/?type=scheduled"},{"source":"http://localhost:2368/ghost/#/settings/","target":"http://localhost:2368/ghost/#/posts/?type=published"},{"source":"http://localhost:2368/ghost/#/settings/","target":"http://localhost:2368/ghost/#/pages/"},{"source":"http://localhost:2368/ghost/#/settings/","target":"http://localhost:2368/ghost/#/tags/"},{"source":"http://localhost:2368/ghost/#/settings/","target":"http://localhost:2368/ghost/#/members/"},{"source":"http://localhost:2368/ghost/#/settings/","target":"http://localhost:2368/ghost/#/settings/"}]}