{"nodes":[{"state":0,"url":"http://localhost:2368/ghost/#/members/new","errors":[]},{"state":1,"url":"http://localhost:2368/ghost/#/dashboard/","errors":[]},{"state":2,"url":"http://localhost:2368/ghost/#/site/","errors":[]},{"state":3,"url":"http://localhost:2368/","errors":["{\n  \"_type\": \"error\",\n  \"_text\": \"Failed to load resource: the server responded with a status of 404 (Not Found)\",\n  \"_args\": [],\n  \"_location\": {\n    \"url\": \"http://localhost:2368/public/member-attribution.min.js?v=58e51cf0f0\"\n  }\n}"]},{"state":4,"url":"http://localhost:2368/ghost/#/posts/","errors":[]},{"state":5,"url":"http://localhost:2368/ghost/#/editor/post/","errors":["{\n  \"_type\": \"info\",\n  \"_text\": \"Autofocus processing was blocked because a document already has a focused element.\",\n  \"_args\": [],\n  \"_location\": {\n    \"url\": \"http://localhost:2368/ghost/#/editor/post/\"\n  }\n}"]},{"state":6,"url":"http://localhost:2368/ghost/#/posts/?type=draft","errors":[]},{"state":7,"url":"http://localhost:2368/ghost/#/posts/?type=scheduled","errors":[]},{"state":8,"url":"http://localhost:2368/ghost/#/posts/?type=published","errors":[]},{"state":9,"url":"http://localhost:2368/ghost/#/pages/","errors":[]},{"state":10,"url":"http://localhost:2368/ghost/#/tags/","errors":[]},{"state":11,"url":"http://localhost:2368/ghost/#/members/","errors":[]},{"state":12,"url":"http://localhost:2368/ghost/#/settings/","errors":[]}],"links":[{"source":0,"target":1,"interaction":"link-click"},{"source":0,"target":2,"interaction":"link-click"},{"source":0,"target":3,"interaction":"link-click"},{"source":0,"target":4,"interaction":"link-click"},{"source":0,"target":5,"interaction":"link-click"},{"source":0,"target":6,"interaction":"link-click"},{"source":0,"target":7,"interaction":"link-click"},{"source":0,"target":8,"interaction":"link-click"},{"source":0,"target":9,"interaction":"link-click"},{"source":0,"target":10,"interaction":"link-click"},{"source":0,"target":11,"interaction":"link-click"},{"source":0,"target":12,"interaction":"link-click"}]}